{"MSE": 2.5393656611757107, "_timestamp": 1686206962.240819, "_runtime": 4.6557769775390625, "_step": 0, "_wandb": {"runtime": 4}}