{"MSE": 2.453031255035805, "_timestamp": 1686207061.9251475, "_runtime": 18.857871532440186, "_step": 0, "_wandb": {"runtime": 18}}