{"MSE": 2.4531558126916537, "_timestamp": 1686206936.4035792, "_runtime": 17.047959327697754, "_step": 0, "_wandb": {"runtime": 16}}