{"MSE": 2.453031255035805, "_timestamp": 1686207025.226004, "_runtime": 19.26568579673767, "_step": 0, "_wandb": {"runtime": 18}}