{"MSE": 2.454507191207309, "_timestamp": 1686206988.4143577, "_runtime": 9.764341592788696, "_step": 0, "_wandb": {"runtime": 9}}