{"mean_squared_error": 2.453983836538874, "_timestamp": 1686206504.6009398, "_runtime": 10.7597336769104, "_step": 0, "_wandb": {"runtime": 10}}